filter,wavelength_nm,r_disappear_1_um,r_disappear_2_um,r_disappear_3_um,r_disappear_mean_um,r_disappear_std_um,adopted_dr_disappear_um,delta_lambda_nm,delta_lambda_unc_nm,delta_nu_THz,delta_nu_unc_THz
Зелёный,546.1,5038.732,5038.732,5038.732,5038.732,0.0,25.0,15.388659409059379,0.6262779323137982,15.469530659620416,0.6295691793443994
Красный,630.0,5571.5926,5571.5926,5571.5926,5571.5926,0.0,25.0,16.7635916641582,0.6791747439846607,12.662127361819847,0.5130044492584585
Оранжевый,578.4,4579.429,4579.429,4579.429,4579.429,0.0,25.0,20.816568088447674,0.8489442292432402,18.654055550175407,0.7607523365051084
Синий,435.8,6798.0923,6798.0923,6798.0923,6798.0923,0.0,25.0,5.426868894439616,0.21970303356124726,8.56634538911835,0.34680256795056535
