N,d1_um,d2_um,n,D_um,lambda_um,lambda_nm
1,4.0,4.0,17,0.0,,
2,4.0,4.05,16,0.04999999999999982,0.006249999999999978,6.249999999999978
3,4.0,4.1,16,0.09999999999999964,0.012499999999999956,12.499999999999956
4,4.0,4.15,15,0.15000000000000036,0.02000000000000005,20.00000000000005
5,4.0,4.2,14,0.20000000000000018,0.0285714285714286,28.571428571428598
